Route,Source,Area,Discovery,Change in this PR,Verification
/builder/,index.html,Build,All tools directory,Page + shared navigation,Static audit; runtime journeys require release preview
/,mission-control.html,Build,All tools directory,Page + shared navigation,Static audit; runtime journeys require release preview
/academy/,academy.html,Learn,All tools directory,Shared navigation only,Static audit; runtime journeys require release preview
/support/,support.html,Help,All tools directory,Shared navigation only,Static audit; runtime journeys require release preview
/donate/,donate.html,Help,All tools directory,Shared navigation only,Static audit; runtime journeys require release preview
/audit/,audit.html,Build,All tools directory,Shared navigation only,Static audit; runtime journeys require release preview
/library/,editor.html,Build,All tools directory,Shared navigation only,Static audit; runtime journeys require release preview
/guide/,guide.html,Build,All tools directory,Shared navigation only,Static audit; runtime journeys require release preview
/template/,template.html,Build,All tools directory,Shared navigation only,Static audit; runtime journeys require release preview
/platforms/,platforms.html,Build,All tools directory,Shared navigation only,Static audit; runtime journeys require release preview
/browse/,browse.html,Build,All tools directory,Shared navigation only,Static audit; runtime journeys require release preview
/contribute/,contribute.html,Help,All tools directory,Shared navigation only,Static audit; runtime journeys require release preview
/slam/,slam-selector.html,Build,All tools directory,Shared navigation only,Static audit; runtime journeys require release preview
/slam-guide/,slam-guide.html,Learn,All tools directory,Shared navigation only,Static audit; runtime journeys require release preview
/openhd-guide/,openhd-guide.html,Learn,All tools directory,Shared navigation only,Static audit; runtime journeys require release preview
/mesh-guide/,mesh-guide.html,Learn,All tools directory,Shared navigation only,Static audit; runtime journeys require release preview
/tak-guide/,tak-guide.html,Learn,All tools directory,Shared navigation only,Static audit; runtime journeys require release preview
/ai-guide/,ai-guide.html,Learn,All tools directory,Shared navigation only,Static audit; runtime journeys require release preview
/cuas-guide/,cuas-guide.html,Learn,All tools directory,Shared navigation only,Static audit; runtime journeys require release preview
/swarm-guide/,swarm-guide.html,Learn,All tools directory,Shared navigation only,Static audit; runtime journeys require release preview
/swarm/,swarm-selector.html,Build,All tools directory,Shared navigation only,Static audit; runtime journeys require release preview
/guides/,guides-hub.html,Learn,All tools directory,Shared navigation only,Static audit; runtime journeys require release preview
/autonomy/,autonomy.html,Build,All tools directory,Shared navigation only,Static audit; runtime journeys require release preview
/fc-firmware-guide/,fc-firmware-guide.html,Learn,All tools directory,Shared navigation only,Static audit; runtime journeys require release preview
/compliance/,compliance.html,Build,All tools directory,Shared navigation only,Static audit; runtime journeys require release preview
/spec-sheets/,spec-sheets.html,Build,All tools directory,Shared navigation only,Static audit; runtime journeys require release preview
/compliance-matrix/,compliance-matrix.html,Build,All tools directory,Shared navigation only,Static audit; runtime journeys require release preview
/dossier/,dossier.html,Build,All tools directory,Shared navigation only,Static audit; runtime journeys require release preview
/timeline/,timeline.html,Research,All tools directory,Shared navigation only,Static audit; runtime journeys require release preview
/compare/,compare.html,Build,All tools directory,Shared navigation only,Static audit; runtime journeys require release preview
/cost/,cost.html,Build,All tools directory,Page + shared navigation,Static audit; runtime journeys require release preview
/intel/,intel-home.html,Legacy entrance,Legacy entrance retained,Shared navigation only,Static audit; runtime journeys require release preview
/intel/feed/,intel.html,Research,All tools directory,Page + shared navigation,Static audit; runtime journeys require release preview
/intel-health/,intel-health.html,Help,All tools directory,Shared navigation only,Static audit; runtime journeys require release preview
/vault/,vault.html,Build,All tools directory,Shared navigation only,Static audit; runtime journeys require release preview
/troubleshoot/,troubleshoot.html,Learn,All tools directory,Shared navigation only,Static audit; runtime journeys require release preview
/industry/,industry.html,Research,All tools directory,Shared navigation only,Static audit; runtime journeys require release preview
/intel-dfr/,intel-dfr.html,Research,All tools directory,Shared navigation only,Static audit; runtime journeys require release preview
/intel-commercial/,intel-commercial.html,Research,All tools directory,Shared navigation only,Static audit; runtime journeys require release preview
/payload-compare/,payload-compare.html,Build,All tools directory,Shared navigation only,Static audit; runtime journeys require release preview
/stack-builder/,stack-builder.html,Build,All tools directory,Shared navigation only,Static audit; runtime journeys require release preview
/circuit-forge/,circuit-forge.html,Build,All tools directory,Shared navigation only,Static audit; runtime journeys require release preview
/tools/,tools.html,Build,All tools directory,Shared navigation only,Static audit; runtime journeys require release preview
/wingman/,wingman.html,Build,All tools directory,Shared navigation only,Static audit; runtime journeys require release preview
/start/,start.html,Learn,All tools directory,Shared navigation only,Static audit; runtime journeys require release preview
/forge/,forge-home.html,Legacy entrance,Legacy entrance retained,Page + shared navigation,Static audit; runtime journeys require release preview
/report/,report.html,Build,All tools directory,Shared navigation only,Static audit; runtime journeys require release preview
/waiver/,waiver.html,Build,All tools directory,Shared navigation only,Static audit; runtime journeys require release preview
/terms/,terms.html,Help,All tools directory,Shared navigation only,Static audit; runtime journeys require release preview
/privacy/,privacy.html,Help,All tools directory,Shared navigation only,Static audit; runtime journeys require release preview
/pid-tuning/,pid-tuning.html,Build,All tools directory,Shared navigation only,Static audit; runtime journeys require release preview
/patterns/,patterns.html,Research,All tools directory,Shared navigation only,Static audit; runtime journeys require release preview
/brief/,brief.html,Research,All tools directory,Shared navigation only,Static audit; runtime journeys require release preview
/patterns-home/,patterns-home.html,Research,All tools directory,Page + shared navigation,Static audit; runtime journeys require release preview
/priorities/,priorities.html,Research,All tools directory,Shared navigation only,Static audit; runtime journeys require release preview
/ask-pie/,ask-pie.html,Research,All tools directory,Page + shared navigation,Static audit; runtime journeys require release preview
/evidence-lab/,evidence-lab.html,Research,All tools directory,Shared navigation only,Static audit; runtime journeys require release preview
/tools-home/,tools-home.html,Legacy entrance,Legacy entrance retained,Page + shared navigation,Static audit; runtime journeys require release preview
/software-library/,software-library.html,Learn,All tools directory,Shared navigation only,Static audit; runtime journeys require release preview
/tracker/,tracker.html,Research,All tools directory,Shared navigation only,Static audit; runtime journeys require release preview
/grants/,grants.html,Research,All tools directory,Shared navigation only,Static audit; runtime journeys require release preview
/regs/,regs.html,Build,All tools directory,Shared navigation only,Static audit; runtime journeys require release preview
/verify/,verify.html,Help,All tools directory,Shared navigation only,Static audit; runtime journeys require release preview
/analytics/,analytics.html,Help,All tools directory,Shared navigation only,Static audit; runtime journeys require release preview
/clock/,clock.html,Research,All tools directory,Shared navigation only,Static audit; runtime journeys require release preview
/hub/,uas-hub.html,Legacy entrance,Legacy entrance retained,Shared navigation only,Static audit; runtime journeys require release preview
/gallery/,gallery.html,Build,All tools directory,Shared navigation only,Static audit; runtime journeys require release preview
/entity-graph/,entity-graph.html,Research,All tools directory,Shared navigation only,Static audit; runtime journeys require release preview
/adversary-bom/,adversary-bom.html,Research,All tools directory,Shared navigation only,Static audit; runtime journeys require release preview
/mirroring/,mirroring.html,Research,All tools directory,Shared navigation only,Static audit; runtime journeys require release preview
/actors/,actors.html,Research,All tools directory,Shared navigation only,Static audit; runtime journeys require release preview
/ttps/,ttps.html,Research,All tools directory,Shared navigation only,Static audit; runtime journeys require release preview
/evasion/,evasion.html,Research,All tools directory,Shared navigation only,Static audit; runtime journeys require release preview
/market-lens/,market-lens.html,Research,All tools directory,Shared navigation only,Static audit; runtime journeys require release preview
/forecast-accountability/,forecast-accountability.html,Research,All tools directory,Shared navigation only,Static audit; runtime journeys require release preview
/pie-trends/,pie-trends.html,Research,All tools directory,Shared navigation only,Static audit; runtime journeys require release preview
/pie-search/,pie-search.html,Research,All tools directory,Shared navigation only,Static audit; runtime journeys require release preview
/brief-archive/,brief-archive.html,Research,All tools directory,Shared navigation only,Static audit; runtime journeys require release preview
/data-status/,data-status.html,Help,All tools directory,Page + shared navigation,Static audit; runtime journeys require release preview
/miner-health/,miner-health.html,Help,All tools directory,Shared navigation only,Static audit; runtime journeys require release preview
/lexicon/,lexicon.html,Research,All tools directory,Shared navigation only,Static audit; runtime journeys require release preview
/api-docs/,api-docs.html,Help,All tools directory,Shared navigation only,Static audit; runtime journeys require release preview
/contribute-doctrine/,contribute-doctrine.html,Help,All tools directory,Shared navigation only,Static audit; runtime journeys require release preview
/audit-doctrine/,audit-doctrine.html,Help,All tools directory,Shared navigation only,Static audit; runtime journeys require release preview
/private/,private/index.html,Private,Gated workspace,Shared navigation only,Static audit only; access policy unchanged
/private/dossiers/,private/dossiers.html,Private,Gated workspace,Shared navigation only,Static audit only; access policy unchanged
/private/supply-web/,private/supply-web.html,Private,Gated workspace,Shared navigation only,Static audit only; access policy unchanged
/private/data/,private/data.html,Private,Gated workspace,Shared navigation only,Static audit only; access policy unchanged
/private/components-bom/,private/components-bom.html,Private,Gated workspace,Shared navigation only,Static audit only; access policy unchanged
/private/drone-config/,private/drone-config.html,Private,Gated workspace,Shared navigation only,Static audit only; access policy unchanged
/private/ddg/,ddg.html,Private,Gated workspace,Shared navigation only,Static audit only; access policy unchanged
